{
  "project_info": {
    "project_number": "887771743434",
    "firebase_url": "https://chatfirebase-fdf7f.firebaseio.com",
    "project_id": "chatfirebase-fdf7f",
    "storage_bucket": "chatfirebase-fdf7f.appspot.com"
  },
  "client": [
    {
      "client_info": {
        "mobilesdk_app_id": "1:887771743434:android:555a971ccf5489e2",
        "android_client_info": {
          "package_name": "com.example.chatfirebase"
        }
      },
      "oauth_client": [
        {
          "client_id": "887771743434-59c8i9h6nunifq75l87e2iqnol17vv3s.apps.googleusercontent.com",
          "client_type": 3
        }
      ],
      "api_key": [
        {
          "current_key": "AIzaSyDT2r30grK1XAEqZg3pVOYFOdcoEXM08rc"
        }
      ],
      "services": {
        "appinvite_service": {
          "other_platform_oauth_client": [
            {
              "client_id": "887771743434-59c8i9h6nunifq75l87e2iqnol17vv3s.apps.googleusercontent.com",
              "client_type": 3
            }
          ]
        }
      }
    }
  ],
  "configuration_version": "1"
}